{"cameraMode":{"drawMode":0,"name":"Shaded","section":"Shading Mode"},"sceneLighting":false,"audioPlay":false,"sceneViewState":{"showFog":true,"showMaterialUpdate":false,"showSkybox":false,"showFlares":true,"showImageEffects":true,"showParticleSystems":true},"in2DMode":false,"pivot":{"x":0.0,"y":1.2599999904632569,"z":5.940000057220459},"rotation":{"x":-0.6050298810005188,"y":0.006698451936244965,"z":-0.005086835939437151,"w":-0.7961889505386353},"size":0.8660253882408142,"orthographic":false}